{"temperature": 9.87, "wind_speed": 14.136666666666665, "humidity": 39.833333333333336, "feels_like": 6.746666666666666}