{"temperature": 19.938333333333333, "wind_speed": 8.82, "humidity": 43.0, "feels_like": 19.608333333333334}