{"city": "HELSINKI", "temperature": 10.895, "wind_speed": 12.145000000000001, "humidity": 42.5, "feels_like": 8.399999999999999, "sources_combined": 2}