{"temperature": 19.938333333333333, "wind_speed": 8.819999999999999, "humidity": 43.0, "feels_like": 19.60833333333333}