{"temperature": 17.036666666666665, "wind_speed": 12.811666666666667, "humidity": 66.16666666666667, "feels_like": 16.8}